{
  "sample_count": 41,
  "generated_at_utc": "2026-05-22 14:04:29 UTC",
  "min_effective_sol": 0.005,
  "stats": {
    "exit_sol": {
      "n": 41,
      "min": 0.090260702,
      "p10": 0.312056633,
      "p25": 0.455127091,
      "p50": 0.498357901,
      "p75": 0.563683085,
      "p90": 0.718227566,
      "max": 1.186089976
    },
    "hold_s": {
      "n": 41,
      "min": 7,
      "p10": 15,
      "p25": 25,
      "p50": 35,
      "p75": 54,
      "p90": 100,
      "max": 4592
    },
    "age_s": {
      "n": 41,
      "min": 9,
      "p10": 35,
      "p25": 46,
      "p50": 76,
      "p75": 144,
      "p90": 254,
      "max": 4609
    },
    "pre_trade_count": {
      "n": 41,
      "min": 1,
      "p10": 32,
      "p25": 79,
      "p50": 156,
      "p75": 250,
      "p90": 345,
      "max": 571
    },
    "pre_sell_ratio": {
      "n": 41,
      "min": 0.0,
      "p10": 0.2832618025751073,
      "p25": 0.33587786259541985,
      "p50": 0.375,
      "p75": 0.4004739336492891,
      "p90": 0.43037974683544306,
      "max": 0.5061728395061729
    },
    "pre_net_flow_sol": {
      "n": 41,
      "min": 0.545798206,
      "p10": 2.921739864999992,
      "p25": 9.001926931000002,
      "p50": 16.597596688999985,
      "p75": 28.46246083499998,
      "p90": 34.50518924799999,
      "max": 90.72185160900003
    },
    "position_net_flow_sol": {
      "n": 41,
      "min": -9.731939965,
      "p10": -4.045939187,
      "p25": -0.18770502899999997,
      "p50": 2.6871145739999998,
      "p75": 7.205625166000004,
      "p90": 13.695145894000014,
      "max": 74.85343735499987
    },
    "last_trade_gap_s": {
      "n": 41,
      "min": 0,
      "p10": 0,
      "p25": 0,
      "p50": 0,
      "p75": 1,
      "p90": 9,
      "max": 40
    },
    "last30_trade_count": {
      "n": 41,
      "min": 0,
      "p10": 4,
      "p25": 13,
      "p50": 38,
      "p75": 62,
      "p90": 129,
      "max": 476
    },
    "last30_sell_ratio": {
      "n": 39,
      "min": 0.0,
      "p10": 0.27769423558897244,
      "p25": 0.35805860805860806,
      "p50": 0.45614035087719296,
      "p75": 0.536293164200141,
      "p90": 0.6781789638932499,
      "max": 1.0
    },
    "last30_net_flow_sol": {
      "n": 41,
      "min": -14.718321194000001,
      "p10": -4.994433693000001,
      "p25": -2.353250878,
      "p50": 0.2564805059999997,
      "p75": 2.7904525800000144,
      "p90": 5.545316793,
      "max": 57.77413665099982
    },
    "last60_trade_count": {
      "n": 41,
      "min": 1,
      "p10": 8,
      "p25": 32,
      "p50": 74,
      "p75": 131,
      "p90": 233,
      "max": 571
    },
    "last60_sell_ratio": {
      "n": 41,
      "min": 0.0,
      "p10": 0.2832618025751073,
      "p25": 0.34558823529411764,
      "p50": 0.381651376146789,
      "p75": 0.45652173913043476,
      "p90": 0.5061728395061729,
      "max": 0.6666666666666666
    },
    "last60_net_flow_sol": {
      "n": 41,
      "min": -12.159778234000019,
      "p10": -2.902051029000001,
      "p25": 0.642134303,
      "p50": 5.4170259220000005,
      "p75": 12.037134849999997,
      "p90": 19.63384607600001,
      "max": 88.03922463399999
    },
    "price_return_since_entry": {
      "n": 40,
      "min": -0.39941307573963625,
      "p10": -0.21305856096874454,
      "p25": -0.09148419932922872,
      "p50": 0.020368200744779075,
      "p75": 0.33414540426949046,
      "p90": 0.5519870943042482,
      "max": 5.332877870786772
    },
    "drawdown_from_high": {
      "n": 41,
      "min": -0.9999999999753457,
      "p10": -0.6117006420091559,
      "p25": -0.45783751564512454,
      "p50": -0.33004718187721915,
      "p75": -0.16624450274965852,
      "p90": -0.06257851489810928,
      "max": 0.0
    },
    "near_high": {
      "n": 41,
      "min": 2.4654229577486065e-11,
      "p10": 0.38829935799084414,
      "p25": 0.5421624843548755,
      "p50": 0.6699528181227808,
      "p75": 0.8337554972503415,
      "p90": 0.9374214851018907,
      "max": 1.0
    },
    "seconds_from_high": {
      "n": 41,
      "min": 3,
      "p10": 7,
      "p25": 11,
      "p50": 19,
      "p75": 39,
      "p90": 56,
      "max": 115
    },
    "wallet_realized_roi_until_exit": {
      "n": 41,
      "min": -0.4219297087945345,
      "p10": -0.21205833281959408,
      "p25": -0.12900897529127378,
      "p50": -0.027718182440923257,
      "p75": 0.08374062524315917,
      "p90": 0.4187983135137982,
      "max": 2.9933565308069663
    },
    "exit_sold_token_ratio": {
      "n": 41,
      "min": 1.0,
      "p10": 1.0,
      "p25": 1.0,
      "p50": 1.0,
      "p75": 1.0,
      "p90": 1.0,
      "max": 1.0
    }
  },
  "coverage": {
    "hold<=60": {
      "hit": 31,
      "total": 41,
      "rate": 0.7560975609756098
    },
    "hold<=300": {
      "hit": 40,
      "total": 41,
      "rate": 0.975609756097561
    },
    "roi>=0": {
      "hit": 17,
      "total": 41,
      "rate": 0.4146341463414634
    },
    "roi>=20%": {
      "hit": 9,
      "total": 41,
      "rate": 0.21951219512195122
    },
    "near_high>=0.8": {
      "hit": 11,
      "total": 41,
      "rate": 0.2682926829268293
    },
    "drawdown<=-10%": {
      "hit": 34,
      "total": 41,
      "rate": 0.8292682926829268
    },
    "last60_sell_ratio>=30%": {
      "hit": 34,
      "total": 41,
      "rate": 0.8292682926829268
    },
    "last60_net_flow<=0": {
      "hit": 9,
      "total": 41,
      "rate": 0.21951219512195122
    },
    "last_trade_gap<=10": {
      "hit": 37,
      "total": 41,
      "rate": 0.9024390243902439
    },
    "sold_tokens>=90%": {
      "hit": 41,
      "total": 41,
      "rate": 1.0
    },
    "full_exit": {
      "hit": 41,
      "total": 41,
      "rate": 1.0
    }
  },
  "combo_coverage": {
    "fast_clear: hold<=300 & sold_tokens>=90%": {
      "hit": 40,
      "total": 41,
      "rate": 0.975609756097561,
      "roi_count": 40,
      "median_roi": -0.031457453054808356,
      "positive_roi": 16
    },
    "profit_clear: roi>=0 & near_high>=0.8 & sold_tokens>=90%": {
      "hit": 5,
      "total": 41,
      "rate": 0.12195121951219512,
      "roi_count": 5,
      "median_roi": 0.02268502692968924,
      "positive_roi": 5
    },
    "pressure_clear: last60_sell_ratio>=30% & last60_net_flow<=0 & sold_tokens>=90%": {
      "hit": 9,
      "total": 41,
      "rate": 0.21951219512195122,
      "roi_count": 9,
      "median_roi": -0.022049710570943147,
      "positive_roi": 4
    }
  }
}