{
  "sample_count": 44,
  "generated_at_utc": "2026-05-13 03:05:24 UTC",
  "min_effective_sol": 0.005,
  "stats": {
    "entry_sol": {
      "n": 44,
      "min": 0.103009039,
      "p10": 0.4870492745,
      "p25": 0.50944426825,
      "p50": 0.509594308,
      "p75": 0.53349849325,
      "p90": 0.5778748686,
      "max": 0.647301496
    },
    "age_s": {
      "n": 44,
      "min": 0,
      "p10": 3.0,
      "p25": 13.25,
      "p50": 28.5,
      "p75": 103.25,
      "p90": 204.30000000000015,
      "max": 298
    },
    "pre_trade_count": {
      "n": 44,
      "min": 1,
      "p10": 17.0,
      "p25": 22.75,
      "p50": 80.0,
      "p75": 162.0,
      "p90": 201.3,
      "max": 255
    },
    "pre_unique_buyers": {
      "n": 44,
      "min": 1,
      "p10": 12.0,
      "p25": 17.75,
      "p50": 44.5,
      "p75": 78.75,
      "p90": 111.60000000000002,
      "max": 142
    },
    "pre_buy_sol": {
      "n": 44,
      "min": 0.4792234,
      "p10": 6.195983142899999,
      "p25": 14.147851441750001,
      "p50": 35.9239839535,
      "p75": 69.23946238375001,
      "p90": 85.0647082629,
      "max": 137.47705068899995
    },
    "pre_sell_sol": {
      "n": 44,
      "min": 0,
      "p10": 1.2846450825,
      "p25": 4.769925645,
      "p50": 17.0022598905,
      "p75": 40.136841528,
      "p90": 59.87091503760004,
      "max": 91.83347233999999
    },
    "pre_net_flow_sol": {
      "n": 44,
      "min": -4.285628660999997,
      "p10": 3.9372304754,
      "p25": 7.06641397974997,
      "p50": 13.415181401499996,
      "p75": 22.943350764,
      "p90": 30.314961387899984,
      "max": 91.31368619200003
    },
    "last_trade_gap_s": {
      "n": 44,
      "min": 0,
      "p10": 0.0,
      "p25": 0.0,
      "p50": 0.0,
      "p75": 1.0,
      "p90": 1.0,
      "max": 8
    },
    "last60_trade_count": {
      "n": 44,
      "min": 1,
      "p10": 12.6,
      "p25": 19.75,
      "p50": 52.0,
      "p75": 93.75,
      "p90": 167.10000000000008,
      "max": 215
    },
    "last60_sol": {
      "n": 44,
      "min": 0.4792234,
      "p10": 6.746993809399999,
      "p25": 15.012053563,
      "p50": 31.170925063000002,
      "p75": 60.84951339850001,
      "p90": 111.56363520529999,
      "max": 229.3105230289999
    },
    "pre_buy_ratio": {
      "n": 44,
      "min": 0.4489795918367347,
      "p10": 0.6051885006025133,
      "p25": 0.6254191969545908,
      "p50": 0.6880122950819672,
      "p75": 0.7900219298245613,
      "p90": 0.8737903225806452,
      "max": 1.0
    },
    "near_high": {
      "n": 44,
      "min": 1.9193823518418444e-11,
      "p10": 0.22041690056360047,
      "p25": 0.5076871993986461,
      "p50": 0.7441811487280683,
      "p75": 0.8599471834040235,
      "p90": 0.978095679533594,
      "max": 1.0
    },
    "wallet_position_roi": {
      "n": 44,
      "min": -1.0,
      "p10": -0.3527512506177173,
      "p25": -0.1452255575944894,
      "p50": -0.03666391889341443,
      "p75": 0.06685917729857224,
      "p90": 0.4055882856197304,
      "max": 2.9933565308069663
    }
  },
  "coverage": {
    "age<=120": {
      "hit": 36,
      "total": 44,
      "rate": 0.8181818181818182
    },
    "age<=180": {
      "hit": 39,
      "total": 44,
      "rate": 0.8863636363636364
    },
    "trades>=15": {
      "hit": 41,
      "total": 44,
      "rate": 0.9318181818181818
    },
    "buyers>=10": {
      "hit": 41,
      "total": 44,
      "rate": 0.9318181818181818
    },
    "buy_sol>=5": {
      "hit": 41,
      "total": 44,
      "rate": 0.9318181818181818
    },
    "net_flow>=3": {
      "hit": 40,
      "total": 44,
      "rate": 0.9090909090909091
    },
    "last60_trades>=5": {
      "hit": 41,
      "total": 44,
      "rate": 0.9318181818181818
    },
    "last60_sol>=2": {
      "hit": 41,
      "total": 44,
      "rate": 0.9318181818181818
    },
    "last_trade_gap<=10": {
      "hit": 44,
      "total": 44,
      "rate": 1.0
    },
    "buy_ratio>=0.55": {
      "hit": 43,
      "total": 44,
      "rate": 0.9772727272727273
    }
  },
  "combo_coverage": {
    "loose: buyers>=10 & buy_sol>=5 & last60_trades>=5": {
      "hit": 40,
      "total": 44,
      "rate": 0.9090909090909091,
      "roi_count": 40,
      "median_roi": -0.03965193128473585,
      "positive_roi": 15
    },
    "main: age<=180 & buyers>=10 & buy_sol>=5 & last60_trades>=5": {
      "hit": 36,
      "total": 44,
      "rate": 0.8181818181818182,
      "roi_count": 36,
      "median_roi": -0.029313839035220755,
      "positive_roi": 15
    },
    "strict: age<=120 & trades>=15 & buyers>=10 & buy_sol>=5 & last60_sol>=2": {
      "hit": 33,
      "total": 44,
      "rate": 0.75,
      "roi_count": 33,
      "median_roi": -0.022049710570943147,
      "positive_roi": 15
    }
  }
}